{
	"name": "ds_adls_parquet",
	"properties": {
		"linkedServiceName": {
			"referenceName": "ls_adls",
			"type": "LinkedServiceReference"
		},
		"parameters": {
			"ds_sink_fn": {
				"type": "string"
			},
			"p_ds_sink_container": {
				"type": "string"
			}
		},
		"annotations": [],
		"type": "Parquet",
		"typeProperties": {
			"location": {
				"type": "AzureBlobFSLocation",
				"folderPath": {
					"value": "@dataset().ds_sink_fn",
					"type": "Expression"
				},
				"fileSystem": "oltpraw"
			},
			"compressionCodec": "snappy"
		},
		"schema": []
	}
}