{
	"name": "ds_adls",
	"properties": {
		"linkedServiceName": {
			"referenceName": "ls_adls",
			"type": "LinkedServiceReference"
		},
		"parameters": {
			"p_ds_container": {
				"type": "string"
			},
			"p_ds_file_name": {
				"type": "string"
			}
		},
		"annotations": [],
		"type": "DelimitedText",
		"typeProperties": {
			"location": {
				"type": "AzureBlobFSLocation",
				"fileName": {
					"value": "@dataset().p_ds_file_name",
					"type": "Expression"
				},
				"fileSystem": {
					"value": "@dataset().p_ds_container",
					"type": "Expression"
				}
			},
			"columnDelimiter": "|",
			"escapeChar": "\\",
			"firstRowAsHeader": true,
			"quoteChar": "\""
		},
		"schema": []
	}
}