{
	"name": "df_pricestate",
	"properties": {
		"type": "MappingDataFlow",
		"typeProperties": {
			"sources": [
				{
					"dataset": {
						"referenceName": "ds_adls",
						"type": "DatasetReference"
					},
					"name": "adlsPricestate"
				}
			],
			"sinks": [
				{
					"dataset": {
						"referenceName": "ds_adls_parquet",
						"type": "DatasetReference"
					},
					"name": "statesink"
				},
				{
					"dataset": {
						"referenceName": "ds_adls_parquet",
						"type": "DatasetReference"
					},
					"name": "substatesink"
				}
			],
			"transformations": [
				{
					"name": "substate"
				},
				{
					"name": "state"
				}
			],
			"scriptLines": [
				"source(output(",
				"          substate_id as string,",
				"          substate_label as string,",
				"          state_id as string,",
				"          state_label as string",
				"     ),",
				"     allowSchemaDrift: true,",
				"     validateSchema: true,",
				"     inferDriftedColumnTypes: true,",
				"     ignoreNoFilesFound: false,",
				"     partitionBy('hash', 1),",
				"     mode: 'read') ~> adlsPricestate",
				"adlsPricestate select(mapColumn(",
				"          substate_id,",
				"          substate_label,",
				"          state_id",
				"     ),",
				"     skipDuplicateMapInputs: true,",
				"     skipDuplicateMapOutputs: true) ~> substate",
				"adlsPricestate aggregate(groupBy(state_id),",
				"     state_label = first(state_label),",
				"     partitionBy('hash', 1)) ~> state",
				"state sink(allowSchemaDrift: true,",
				"     validateSchema: true,",
				"     format: 'parquet',",
				"     umask: 0022,",
				"     preCommands: [],",
				"     postCommands: [],",
				"     skipDuplicateMapInputs: true,",
				"     skipDuplicateMapOutputs: true,",
				"     partitionBy('hash', 1)) ~> statesink",
				"substate sink(allowSchemaDrift: true,",
				"     validateSchema: true,",
				"     format: 'parquet',",
				"     umask: 0022,",
				"     preCommands: [],",
				"     postCommands: [],",
				"     skipDuplicateMapInputs: true,",
				"     skipDuplicateMapOutputs: true) ~> substatesink"
			]
		}
	}
}