{
	"name": "pl_drivefiles",
	"properties": {
		"activities": [
			{
				"name": "Get drive files",
				"type": "GetMetadata",
				"dependsOn": [],
				"policy": {
					"timeout": "0.12:00:00",
					"retry": 0,
					"retryIntervalInSeconds": 30,
					"secureOutput": false,
					"secureInput": false
				},
				"userProperties": [],
				"typeProperties": {
					"dataset": {
						"referenceName": "ds_adls",
						"type": "DatasetReference",
						"parameters": {
							"p_ds_container": {
								"value": "@pipeline().parameters.p_pl_container",
								"type": "Expression"
							},
							"p_ds_file_name": {
								"value": "@pipeline().parameters.p_pl_inp_file",
								"type": "Expression"
							}
						}
					},
					"fieldList": [
						"childItems"
					],
					"storeSettings": {
						"type": "AzureBlobFSReadSettings",
						"recursive": true,
						"enablePartitionDiscovery": false
					},
					"formatSettings": {
						"type": "DelimitedTextReadSettings"
					}
				}
			},
			{
				"name": "ForEach1",
				"type": "ForEach",
				"dependsOn": [
					{
						"activity": "Get drive files",
						"dependencyConditions": [
							"Succeeded"
						]
					}
				],
				"userProperties": [],
				"typeProperties": {
					"items": {
						"value": "@activity('Get drive files').output.childItems",
						"type": "Expression"
					},
					"activities": [
						{
							"name": "Switch on files",
							"type": "Switch",
							"dependsOn": [],
							"userProperties": [],
							"typeProperties": {
								"on": {
									"value": "@split(item().name,'.')[1]",
									"type": "Expression"
								},
								"cases": [
									{
										"value": "possite",
										"activities": [
											{
												"name": "site",
												"type": "ExecuteDataFlow",
												"dependsOn": [],
												"policy": {
													"timeout": "0.12:00:00",
													"retry": 0,
													"retryIntervalInSeconds": 30,
													"secureOutput": false,
													"secureInput": false
												},
												"userProperties": [],
												"typeProperties": {
													"dataflow": {
														"referenceName": "df_site",
														"type": "DataFlowReference",
														"datasetParameters": {
															"adlsposite": {
																"p_ds_container": {
																	"value": "@pipeline().parameters.p_pl_container",
																	"type": "Expression"
																},
																"p_ds_file_name": {
																	"value": "@item().name",
																	"type": "Expression"
																}
															},
															"subchnl": {
																"ds_sink_fn": "subchnl",
																"p_ds_sink_container": {
																	"value": "@pipeline().parameters.p_pl_dest_container",
																	"type": "Expression"
																}
															},
															"chnltable": {
																"ds_sink_fn": "chnl",
																"p_ds_sink_container": {
																	"value": "@pipeline().parameters.p_pl_dest_container",
																	"type": "Expression"
																}
															},
															"sitetable": {
																"ds_sink_fn": "site",
																"p_ds_sink_container": {
																	"value": "@pipeline().parameters.p_pl_dest_container",
																	"type": "Expression"
																}
															}
														}
													},
													"compute": {
														"coreCount": 8,
														"computeType": "General"
													},
													"traceLevel": "Fine"
												}
											}
										]
									},
									{
										"value": "pricestate",
										"activities": [
											{
												"name": "pricestate",
												"type": "ExecuteDataFlow",
												"dependsOn": [],
												"policy": {
													"timeout": "0.12:00:00",
													"retry": 0,
													"retryIntervalInSeconds": 30,
													"secureOutput": false,
													"secureInput": false
												},
												"userProperties": [],
												"typeProperties": {
													"dataflow": {
														"referenceName": "df_pricestate",
														"type": "DataFlowReference",
														"datasetParameters": {
															"adlsPricestate": {
																"p_ds_container": {
																	"value": "@pipeline().parameters.p_pl_container",
																	"type": "Expression"
																},
																"p_ds_file_name": {
																	"value": "@item().name",
																	"type": "Expression"
																}
															},
															"statesink": {
																"ds_sink_fn": "price_state",
																"p_ds_sink_container": {
																	"value": "@pipeline().parameters.p_pl_dest_container",
																	"type": "Expression"
																}
															},
															"substatesink": {
																"ds_sink_fn": "price_substate",
																"p_ds_sink_container": {
																	"value": "@pipeline().parameters.p_pl_dest_container",
																	"type": "Expression"
																}
															}
														}
													},
													"compute": {
														"coreCount": 8,
														"computeType": "General"
													},
													"traceLevel": "Fine"
												}
											}
										]
									},
									{
										"value": "prod",
										"activities": [
											{
												"name": "prod",
												"type": "ExecuteDataFlow",
												"dependsOn": [],
												"policy": {
													"timeout": "0.12:00:00",
													"retry": 0,
													"retryIntervalInSeconds": 30,
													"secureOutput": false,
													"secureInput": false
												},
												"userProperties": [],
												"typeProperties": {
													"dataflow": {
														"referenceName": "df_prod",
														"type": "DataFlowReference",
														"datasetParameters": {
															"adlsprod": {
																"p_ds_container": {
																	"value": "@pipeline().parameters.p_pl_container",
																	"type": "Expression"
																},
																"p_ds_file_name": {
																	"value": "@item().name",
																	"type": "Expression"
																}
															},
															"stylclrtable": {
																"ds_sink_fn": "stylclr",
																"p_ds_sink_container": {
																	"value": "@pipeline().parameters.p_pl_dest_container",
																	"type": "Expression"
																}
															},
															"prodtable": {
																"ds_sink_fn": "product",
																"p_ds_sink_container": {
																	"value": "@pipeline().parameters.p_pl_dest_container",
																	"type": "Expression"
																}
															},
															"styletable": {
																"ds_sink_fn": "style",
																"p_ds_sink_container": {
																	"value": "@pipeline().parameters.p_pl_dest_container",
																	"type": "Expression"
																}
															},
															"subcattable": {
																"ds_sink_fn": "subCatg",
																"p_ds_sink_container": {
																	"value": "@pipeline().parameters.p_pl_dest_container",
																	"type": "Expression"
																}
															},
															"catgtable": {
																"ds_sink_fn": "catg",
																"p_ds_sink_container": {
																	"value": "@pipeline().parameters.p_pl_dest_container",
																	"type": "Expression"
																}
															},
															"depttable": {
																"ds_sink_fn": "dept",
																"p_ds_sink_container": {
																	"value": "@pipeline().parameters.p_pl_dest_container",
																	"type": "Expression"
																}
															}
														}
													},
													"compute": {
														"coreCount": 8,
														"computeType": "General"
													},
													"traceLevel": "Fine"
												}
											}
										]
									},
									{
										"value": "rtlloc",
										"activities": [
											{
												"name": "rtlloc",
												"type": "ExecuteDataFlow",
												"dependsOn": [],
												"policy": {
													"timeout": "0.12:00:00",
													"retry": 0,
													"retryIntervalInSeconds": 30,
													"secureOutput": false,
													"secureInput": false
												},
												"userProperties": [],
												"typeProperties": {
													"dataflow": {
														"referenceName": "df_rtlloc",
														"type": "DataFlowReference",
														"datasetParameters": {
															"adlsrtloc": {
																"p_ds_container": {
																	"value": "@pipeline().parameters.p_pl_container",
																	"type": "Expression"
																},
																"p_ds_file_name": "@item().name"
															},
															"regn": {
																"ds_sink_fn": "region",
																"p_ds_sink_container": {
																	"value": "@pipeline().parameters.p_pl_dest_container",
																	"type": "Expression"
																}
															},
															"districttable": {
																"ds_sink_fn": "district",
																"p_ds_sink_container": {
																	"value": "@pipeline().parameters.p_pl_dest_container",
																	"type": "Expression"
																}
															},
															"streettable": {
																"ds_sink_fn": "street",
																"p_ds_sink_container": {
																	"value": "@pipeline().parameters.p_pl_dest_container",
																	"type": "Expression"
																}
															}
														}
													},
													"compute": {
														"coreCount": 8,
														"computeType": "General"
													},
													"traceLevel": "Fine"
												}
											}
										]
									}
								],
								"defaultActivities": [
									{
										"name": "Copytooltp",
										"type": "Copy",
										"dependsOn": [],
										"policy": {
											"timeout": "0.12:00:00",
											"retry": 0,
											"retryIntervalInSeconds": 30,
											"secureOutput": false,
											"secureInput": false
										},
										"userProperties": [],
										"typeProperties": {
											"source": {
												"type": "DelimitedTextSource",
												"storeSettings": {
													"type": "AzureBlobFSReadSettings",
													"recursive": true,
													"enablePartitionDiscovery": false
												},
												"formatSettings": {
													"type": "DelimitedTextReadSettings"
												}
											},
											"sink": {
												"type": "ParquetSink",
												"storeSettings": {
													"type": "AzureBlobFSWriteSettings"
												},
												"formatSettings": {
													"type": "ParquetWriteSettings"
												}
											},
											"enableStaging": false,
											"translator": {
												"type": "TabularTranslator",
												"typeConversion": true,
												"typeConversionSettings": {
													"allowDataTruncation": true,
													"treatBooleanAsNumber": false
												}
											}
										},
										"inputs": [
											{
												"referenceName": "ds_adls",
												"type": "DatasetReference",
												"parameters": {
													"p_ds_container": {
														"value": "@pipeline().parameters.p_pl_container",
														"type": "Expression"
													},
													"p_ds_file_name": {
														"value": "@item().name",
														"type": "Expression"
													}
												}
											}
										],
										"outputs": [
											{
												"referenceName": "ds_adls_parquet",
												"type": "DatasetReference",
												"parameters": {
													"ds_sink_fn": {
														"value": "@split(item().name,'.')[1]",
														"type": "Expression"
													},
													"p_ds_sink_container": {
														"value": "@pipeline().parameters.p_pl_dest_container",
														"type": "Expression"
													}
												}
											}
										]
									}
								]
							}
						}
					]
				}
			}
		],
		"parameters": {
			"p_pl_container": {
				"type": "string",
				"defaultValue": "drivefiles"
			},
			"p_pl_inp_file": {
				"type": "string"
			},
			"p_pl_dest_container": {
				"type": "string",
				"defaultValue": "oltpraw"
			}
		},
		"annotations": []
	}
}